{"w2_partial": 0.1947721242904663, "loss": 2.6579036712646484, "grad_norm": 0.40678882598876953, "layer_0/w1_norm": 6.750651836395264}