{"w2_partial": 0.1102251907189687, "loss": 3.4168732166290283, "grad_norm": 2315.0224609375, "layer_0/w1_norm": 6.576671123504639}