{"w2_partial": 0.16558081905047098, "loss": 2.8420379161834717, "grad_norm": 0.4947686493396759, "layer_0/w1_norm": 6.663894176483154}