{"w2_partial": 0.13134833176930746, "loss": 3.2213635444641113, "grad_norm": 1.7539275884628296, "layer_0/w1_norm": 6.580204010009766}