{"w2_partial": 0.14325177669525146, "loss": 3.0440785884857178, "grad_norm": 0.6880897283554077, "layer_0/w1_norm": 6.606057167053223}